{"v":"5.5.7","meta":{"g":"LottieFiles AE 0.1.20","a":"christino m. sianto","k":"email, gmail, mail","d":"got mail icon animation","tc":"dark grey"},"fr":25,"ip":0,"op":35,"w":1920,"h":1080,"nm":"gotMail","ddd":0,"assets":[],"layers":[{"ddd":0,"ind":1,"ty":4,"nm":"01 Outlines","parent":10,"sr":1,"ks":{"o":{"a":1,"k":[{"i":{"x":[0.833],"y":[0.833]},"o":{"x":[0.167],"y":[0.167]},"t":5,"s":[0]},{"t":14,"s":[100]}],"ix":11},"r":{"a":0,"k":0,"ix":10},"p":{"a":0,"k":[288.954,155.795,0],"ix":2},"a":{"a":0,"k":[286.454,-23.82,0],"ix":1},"s":{"a":1,"k":[{"i":{"x":[0.833,0.833,0.833],"y":[0.833,0.833,0.833]},"o":{"x":[0.167,0.167,0.167],"y":[0.167,0.167,0.167]},"t":14,"s":[100,100,100]},{"t":16,"s":[100,0,100]}],"ix":6}},"ao":0,"shapes":[{"ty":"gr","it":[{"ind":0,"ty":"sh","ix":1,"ks":{"a":0,"k":{"i":[[0,0],[0,0],[-1.076,-2.463],[-1.918,-1.125],[-56.817,-33.115],[0,0],[-21.475,-12.113],[-5.485,0.018],[0,0],[-5.45,3.075],[-55.998,32.638],[0,0],[-17.271,10.13],[-0.728,1.817],[0,0],[0,0]],"o":[[0,0],[0,0],[0.728,1.817],[17.271,10.13],[0,0],[55.997,32.638],[5.45,3.075],[0,0],[5.485,0.018],[21.475,-12.113],[0,0],[56.817,-33.115],[1.918,-1.125],[1.076,-2.463],[0,0],[0,0]],"v":[[-286.454,-125.727],[-286.454,-66.421],[-285.389,-61.63],[-281.021,-57.318],[-151.008,18.61],[-150.688,18.796],[-16.429,96.535],[0,101.094],[0,101.094],[16.429,96.535],[150.689,18.796],[151.008,18.61],[281.021,-57.318],[285.389,-61.63],[286.454,-66.421],[286.454,-125.727]],"c":true},"ix":2},"nm":"Path 1","mn":"ADBE Vector Shape - Group","hd":false},{"ty":"gf","o":{"a":0,"k":100,"ix":10},"r":1,"bm":0,"g":{"p":3,"k":{"a":0,"k":[0,0.918,0.576,0.133,0.647,0.939,0.506,0.149,1,0.961,0.435,0.165],"ix":9}},"s":{"a":0,"k":[-2,-94],"ix":5},"e":{"a":0,"k":[-4,98],"ix":6},"t":1,"nm":"Gradient Fill 1","mn":"ADBE Vector Graphic - G-Fill","hd":false},{"ty":"tr","p":{"a":0,"k":[286.454,101.906],"ix":2},"a":{"a":0,"k":[0,0],"ix":1},"s":{"a":0,"k":[100,100],"ix":3},"r":{"a":0,"k":0,"ix":6},"o":{"a":0,"k":100,"ix":7},"sk":{"a":0,"k":0,"ix":4},"sa":{"a":0,"k":0,"ix":5},"nm":"Transform"}],"nm":"Group 1","np":2,"cix":2,"bm":0,"ix":1,"mn":"ADBE Vector Group","hd":false}],"ip":0,"op":750,"st":0,"bm":0},{"ddd":0,"ind":2,"ty":4,"nm":"1","parent":3,"sr":1,"ks":{"o":{"a":0,"k":100,"ix":11},"r":{"a":0,"k":0,"ix":10},"p":{"a":0,"k":[70.26,72.859,0],"ix":2},"a":{"a":0,"k":[71.39,74.359,0],"ix":1},"s":{"a":0,"k":[100,100,100],"ix":6}},"ao":0,"shapes":[{"ty":"gr","it":[{"ind":0,"ty":"sh","ix":1,"ks":{"a":0,"k":{"i":[[0,0],[0,0],[0,0],[0,0],[2.88,-0.198],[0,0],[-2.705,4.617]],"o":[[0,0],[0,0],[0,0],[-3.364,1.627],[0,0],[6.618,-0.659],[0,0]],"v":[[10.982,-22.51],[10.982,22.51],[-1.617,22.51],[-1.617,-11.394],[-10.982,-8.657],[-10.982,-14.594],[3.002,-22.51]],"c":true},"ix":2},"nm":"Path 1","mn":"ADBE Vector Shape - Group","hd":false},{"ty":"fl","c":{"a":0,"k":[1,1,1,1],"ix":4},"o":{"a":0,"k":100,"ix":5},"r":1,"bm":0,"nm":"Fill 1","mn":"ADBE Vector Graphic - Fill","hd":false},{"ty":"tr","p":{"a":0,"k":[71.39,74.359],"ix":2},"a":{"a":0,"k":[0,0],"ix":1},"s":{"a":0,"k":[100,100],"ix":3},"r":{"a":0,"k":0,"ix":6},"o":{"a":0,"k":100,"ix":7},"sk":{"a":0,"k":0,"ix":4},"sa":{"a":0,"k":0,"ix":5},"nm":"Transform"}],"nm":"Group 1","np":2,"cix":2,"bm":0,"ix":1,"mn":"ADBE Vector Group","hd":false}],"ip":0,"op":750,"st":0,"bm":0},{"ddd":0,"ind":3,"ty":4,"nm":"balloon","parent":10,"sr":1,"ks":{"o":{"a":0,"k":100,"ix":11},"r":{"a":1,"k":[{"i":{"x":[0.833],"y":[0.833]},"o":{"x":[0.167],"y":[0.167]},"t":20,"s":[0]},{"t":30,"s":[0]}],"ix":10},"p":{"a":0,"k":[489.13,291.5,0],"ix":2},"a":{"a":0,"k":[0,148,0],"ix":1},"s":{"a":1,"k":[{"i":{"x":[0.833,0.833,0.833],"y":[0.833,0.833,0.833]},"o":{"x":[0.167,0.167,0.167],"y":[0.167,0.167,0.167]},"t":20,"s":[0,0,100]},{"i":{"x":[0.833,0.833,0.833],"y":[0.833,0.833,0.833]},"o":{"x":[0.167,0.167,0.167],"y":[0.167,0.167,0.167]},"t":27,"s":[125,125,100]},{"t":30,"s":[100,100,100]}],"ix":6}},"ao":0,"shapes":[{"ty":"gr","it":[{"ind":0,"ty":"sh","ix":1,"ks":{"a":0,"k":{"i":[[0,0],[0,12.023],[-34.749,0],[0,-34.75],[34.75,0],[9.557,5.855],[0,0]],"o":[[-5.855,-9.557],[0,-34.75],[34.75,0],[0,34.749],[-12.023,0],[0,0],[0,0]],"v":[[-53.73,32.822],[-62.962,0.001],[-0.001,-62.963],[62.962,0.001],[-0.001,62.963],[-32.822,53.73],[-62.962,62.963]],"c":true},"ix":2},"nm":"Path 1","mn":"ADBE Vector Shape - Group","hd":false},{"ty":"fl","c":{"a":0,"k":[0.140000002992,0.2,0.864999988032,1],"ix":4},"o":{"a":0,"k":100,"ix":5},"r":1,"bm":0,"nm":"Fill 1","mn":"ADBE Vector Graphic - Fill","hd":false},{"ty":"tr","p":{"a":0,"k":[73.64,74.359],"ix":2},"a":{"a":0,"k":[0,0],"ix":1},"s":{"a":0,"k":[100,100],"ix":3},"r":{"a":0,"k":0,"ix":6},"o":{"a":0,"k":100,"ix":7},"sk":{"a":0,"k":0,"ix":4},"sa":{"a":0,"k":0,"ix":5},"nm":"Transform"}],"nm":"Group 2","np":2,"cix":2,"bm":0,"ix":1,"mn":"ADBE Vector Group","hd":false},{"ty":"gr","it":[{"ind":0,"ty":"sh","ix":1,"ks":{"a":0,"k":{"i":[[-40.643,0],[0,-40.644],[40.644,0],[0,40.643]],"o":[[40.644,0],[0,40.643],[-40.643,0],[0,-40.644]],"v":[[-0.001,-73.641],[73.641,0.001],[-0.001,73.641],[-73.641,0.001]],"c":true},"ix":2},"nm":"Path 1","mn":"ADBE Vector Shape - Group","hd":false},{"ty":"fl","c":{"a":0,"k":[0.395999983245,0.435000011968,0.885999971278,1],"ix":4},"o":{"a":0,"k":100,"ix":5},"r":1,"bm":0,"nm":"Fill 1","mn":"ADBE Vector Graphic - Fill","hd":false},{"ty":"tr","p":{"a":0,"k":[73.64,74.359],"ix":2},"a":{"a":0,"k":[0,0],"ix":1},"s":{"a":0,"k":[100,100],"ix":3},"r":{"a":0,"k":0,"ix":6},"o":{"a":0,"k":100,"ix":7},"sk":{"a":0,"k":0,"ix":4},"sa":{"a":0,"k":0,"ix":5},"nm":"Transform"}],"nm":"Group 3","np":2,"cix":2,"bm":0,"ix":2,"mn":"ADBE Vector Group","hd":false}],"ip":0,"op":750,"st":0,"bm":0},{"ddd":0,"ind":4,"ty":4,"nm":"upfold","parent":10,"sr":1,"ks":{"o":{"a":1,"k":[{"i":{"x":[0.833],"y":[0.833]},"o":{"x":[0.167],"y":[0.167]},"t":5,"s":[0]},{"t":15,"s":[100]}],"ix":11},"r":{"a":0,"k":0,"ix":10},"p":{"a":0,"k":[287,585.5,0],"ix":2},"a":{"a":0,"k":[286.5,266.5,0],"ix":1},"s":{"a":1,"k":[{"i":{"x":[0.833,0.833,0.833],"y":[0.833,0.833,0.833]},"o":{"x":[0.167,0.167,0.167],"y":[0.167,0.167,0.167]},"t":5,"s":[100,0,100]},{"i":{"x":[0.833,0.833,0.833],"y":[0.833,0.833,0.833]},"o":{"x":[0.167,0.167,0.167],"y":[0.167,0.167,0.167]},"t":13,"s":[100,118,100]},{"t":15,"s":[100,100,100]}],"ix":6}},"ao":0,"shapes":[{"ty":"gr","it":[{"ind":0,"ty":"sh","ix":1,"ks":{"a":0,"k":{"i":[[0,0],[0,0],[-1.076,2.463],[-1.918,1.125],[-56.817,33.115],[0,0],[-21.475,12.114],[-5.485,-0.018],[0,0],[-5.45,-3.075],[-55.998,-32.637],[0,0],[-17.271,-10.13],[-0.728,-1.817],[0,0],[0,0]],"o":[[0,0],[0,0],[0.728,-1.817],[17.271,-10.13],[0,0],[55.997,-32.637],[5.45,-3.075],[0,0],[5.485,-0.018],[21.475,12.114],[0,0],[56.817,33.115],[1.918,1.125],[1.076,2.463],[0,0],[0,0]],"v":[[-286.454,134.486],[-286.454,33.046],[-285.389,28.254],[-281.021,23.943],[-151.008,-51.986],[-150.688,-52.172],[-16.429,-129.91],[0,-134.469],[0,-134.469],[16.429,-129.91],[150.689,-52.172],[151.008,-51.986],[281.021,23.943],[285.389,28.254],[286.454,33.046],[286.454,134.486]],"c":true},"ix":2},"nm":"Path 1","mn":"ADBE Vector Shape - Group","hd":false},{"ty":"gf","o":{"a":0,"k":100,"ix":10},"r":1,"bm":0,"g":{"p":3,"k":{"a":0,"k":[0,0.918,0.69,0.133,0.595,0.918,0.631,0.133,1,0.918,0.573,0.133],"ix":9}},"s":{"a":0,"k":[-3,135],"ix":5},"e":{"a":0,"k":[-2,0],"ix":6},"t":1,"nm":"Gradient Fill 1","mn":"ADBE Vector Graphic - G-Fill","hd":false},{"ty":"tr","p":{"a":0,"k":[286.454,134.514],"ix":2},"a":{"a":0,"k":[0,0],"ix":1},"s":{"a":0,"k":[100,100],"ix":3},"r":{"a":0,"k":0,"ix":6},"o":{"a":0,"k":100,"ix":7},"sk":{"a":0,"k":0,"ix":4},"sa":{"a":0,"k":0,"ix":5},"nm":"Transform"}],"nm":"Group 1","np":2,"cix":2,"bm":0,"ix":1,"mn":"ADBE Vector Group","hd":false}],"ip":0,"op":750,"st":0,"bm":0},{"ddd":0,"ind":5,"ty":4,"nm":"sideRFold","parent":10,"td":1,"sr":1,"ks":{"o":{"a":0,"k":100,"ix":11},"r":{"a":0,"k":0,"ix":10},"p":{"a":0,"k":[370,414,0],"ix":2},"a":{"a":0,"k":[203,174,0],"ix":1},"s":{"a":0,"k":[-100,100,100],"ix":6}},"ao":0,"shapes":[{"ty":"gr","it":[{"ind":0,"ty":"sh","ix":1,"ks":{"a":0,"k":{"i":[[0,0],[0,0],[0,0],[-4.938,-1.077],[-2.256,-1.919],[-24.289,-21.474],[0.037,-5.484],[0,0],[6.165,-5.45],[22.776,-19.625]],"o":[[0,0],[0,0],[0,0],[3.643,0.728],[20.311,17.271],[6.165,5.45],[0,0],[0.037,5.485],[-10.525,9.305],[0,0]],"v":[[-202.737,173.88],[-202.737,-173.87],[-160.18,-173.87],[-150.573,-172.804],[-141.928,-168.436],[193.56,96.155],[202.7,112.584],[202.7,112.584],[193.56,129.014],[141.877,173.88]],"c":true},"ix":2},"nm":"Path 1","mn":"ADBE Vector Shape - Group","hd":false},{"ty":"fl","c":{"a":0,"k":[0.827450990677,0.51372551918,0.164705887437,1],"ix":4},"o":{"a":0,"k":100,"ix":5},"r":1,"bm":0,"nm":"Fill 1","mn":"ADBE Vector Graphic - Fill","hd":false},{"ty":"tr","p":{"a":0,"k":[202.737,174.12],"ix":2},"a":{"a":0,"k":[0,0],"ix":1},"s":{"a":0,"k":[100,100],"ix":3},"r":{"a":0,"k":0,"ix":6},"o":{"a":0,"k":100,"ix":7},"sk":{"a":0,"k":0,"ix":4},"sa":{"a":0,"k":0,"ix":5},"nm":"Transform"}],"nm":"Group 1","np":2,"cix":2,"bm":0,"ix":1,"mn":"ADBE Vector Group","hd":false}],"ip":0,"op":750,"st":0,"bm":0},{"ddd":0,"ind":6,"ty":4,"nm":"Shape Layer 1","parent":10,"tt":1,"sr":1,"ks":{"o":{"a":0,"k":100,"ix":11},"r":{"a":0,"k":0,"ix":10},"p":{"a":0,"k":[554,230.5,0],"ix":2},"a":{"a":0,"k":[61.64,84.359,0],"ix":1},"s":{"a":1,"k":[{"i":{"x":[0.833,0.833,0.833],"y":[0.833,0.833,0.833]},"o":{"x":[0.167,0.167,0.167],"y":[0.167,0.167,0.167]},"t":20,"s":[0,0,100]},{"i":{"x":[0.833,0.833,0.833],"y":[0.833,0.833,0.833]},"o":{"x":[0.167,0.167,0.167],"y":[0.167,0.167,0.167]},"t":27,"s":[125,125,100]},{"t":30,"s":[100,100,100]}],"ix":6}},"ao":0,"shapes":[{"ty":"gr","it":[{"ind":0,"ty":"sh","ix":1,"ks":{"a":0,"k":{"i":[[-40.643,0],[0,-40.644],[40.644,0],[0,40.643]],"o":[[40.644,0],[0,40.643],[-40.643,0],[0,-40.644]],"v":[[-0.001,-73.641],[73.641,0.001],[-0.001,73.641],[-73.641,0.001]],"c":true},"ix":2},"nm":"Path 1","mn":"ADBE Vector Shape - Group","hd":false},{"ty":"fl","c":{"a":0,"k":[0.556862745098,0.36862745098,0.180392156863,1],"ix":4},"o":{"a":0,"k":100,"ix":5},"r":1,"bm":0,"nm":"Fill 1","mn":"ADBE Vector Graphic - Fill","hd":false},{"ty":"tr","p":{"a":0,"k":[61.64,84.359],"ix":2},"a":{"a":0,"k":[0,0],"ix":1},"s":{"a":0,"k":[100,100],"ix":3},"r":{"a":0,"k":0,"ix":6},"o":{"a":0,"k":100,"ix":7},"sk":{"a":0,"k":0,"ix":4},"sa":{"a":0,"k":0,"ix":5},"nm":"Transform"}],"nm":"Group 4","np":2,"cix":2,"bm":0,"ix":1,"mn":"ADBE Vector Group","hd":false}],"ip":0,"op":750,"st":0,"bm":0},{"ddd":0,"ind":7,"ty":4,"nm":"sideRFold 2","parent":10,"sr":1,"ks":{"o":{"a":1,"k":[{"i":{"x":[0.833],"y":[0.833]},"o":{"x":[0.167],"y":[0.167]},"t":10,"s":[0]},{"t":15,"s":[100]}],"ix":11},"r":{"a":0,"k":0,"ix":10},"p":{"a":0,"k":[370,414,0],"ix":2},"a":{"a":0,"k":[203,174,0],"ix":1},"s":{"a":0,"k":[-100,100,100],"ix":6}},"ao":0,"shapes":[{"ty":"gr","it":[{"ind":0,"ty":"sh","ix":1,"ks":{"a":0,"k":{"i":[[0,0],[0,0],[0,0],[-4.938,-1.077],[-2.256,-1.919],[-24.289,-21.474],[0.037,-5.484],[0,0],[6.165,-5.45],[22.776,-19.625]],"o":[[0,0],[0,0],[0,0],[3.643,0.728],[20.311,17.271],[6.165,5.45],[0,0],[0.037,5.485],[-10.525,9.305],[0,0]],"v":[[-202.737,173.88],[-202.737,-173.87],[-160.18,-173.87],[-150.573,-172.804],[-141.928,-168.436],[193.56,96.155],[202.7,112.584],[202.7,112.584],[193.56,129.014],[141.877,173.88]],"c":true},"ix":2},"nm":"Path 1","mn":"ADBE Vector Shape - Group","hd":false},{"ty":"fl","c":{"a":0,"k":[0.827450990677,0.51372551918,0.164705887437,1],"ix":4},"o":{"a":0,"k":100,"ix":5},"r":1,"bm":0,"nm":"Fill 1","mn":"ADBE Vector Graphic - Fill","hd":false},{"ty":"tr","p":{"a":0,"k":[202.737,174.12],"ix":2},"a":{"a":0,"k":[0,0],"ix":1},"s":{"a":0,"k":[100,100],"ix":3},"r":{"a":0,"k":0,"ix":6},"o":{"a":0,"k":100,"ix":7},"sk":{"a":0,"k":0,"ix":4},"sa":{"a":0,"k":0,"ix":5},"nm":"Transform"}],"nm":"Group 1","np":2,"cix":2,"bm":0,"ix":1,"mn":"ADBE Vector Group","hd":false}],"ip":0,"op":750,"st":0,"bm":0},{"ddd":0,"ind":8,"ty":4,"nm":"sideLFold","parent":10,"sr":1,"ks":{"o":{"a":1,"k":[{"i":{"x":[0.833],"y":[0.833]},"o":{"x":[0.167],"y":[0.167]},"t":10,"s":[0]},{"t":15,"s":[100]}],"ix":11},"r":{"a":0,"k":0,"ix":10},"p":{"a":0,"k":[204,410.5,0],"ix":2},"a":{"a":0,"k":[203,174,0],"ix":1},"s":{"a":0,"k":[100,100,100],"ix":6}},"ao":0,"shapes":[{"ty":"gr","it":[{"ind":0,"ty":"sh","ix":1,"ks":{"a":0,"k":{"i":[[0,0],[0,0],[0,0],[-4.938,-1.077],[-2.256,-1.919],[-24.289,-21.474],[0.037,-5.484],[0,0],[6.165,-5.45],[22.776,-19.625]],"o":[[0,0],[0,0],[0,0],[3.643,0.728],[20.311,17.271],[6.165,5.45],[0,0],[0.037,5.485],[-10.525,9.305],[0,0]],"v":[[-202.737,173.88],[-202.737,-173.87],[-160.18,-173.87],[-150.573,-172.804],[-141.928,-168.436],[193.56,96.155],[202.7,112.584],[202.7,112.584],[193.56,129.014],[141.877,173.88]],"c":true},"ix":2},"nm":"Path 1","mn":"ADBE Vector Shape - Group","hd":false},{"ty":"fl","c":{"a":0,"k":[0.916999966491,0.519999964097,0.135000011968,1],"ix":4},"o":{"a":0,"k":100,"ix":5},"r":1,"bm":0,"nm":"Fill 1","mn":"ADBE Vector Graphic - Fill","hd":false},{"ty":"tr","p":{"a":0,"k":[202.737,174.12],"ix":2},"a":{"a":0,"k":[0,0],"ix":1},"s":{"a":0,"k":[100,100],"ix":3},"r":{"a":0,"k":0,"ix":6},"o":{"a":0,"k":100,"ix":7},"sk":{"a":0,"k":0,"ix":4},"sa":{"a":0,"k":0,"ix":5},"nm":"Transform"}],"nm":"Group 1","np":2,"cix":2,"bm":0,"ix":1,"mn":"ADBE Vector Group","hd":false}],"ip":0,"op":750,"st":0,"bm":0},{"ddd":0,"ind":9,"ty":4,"nm":"letter","parent":10,"sr":1,"ks":{"o":{"a":1,"k":[{"i":{"x":[0.833],"y":[0.833]},"o":{"x":[0.167],"y":[0.167]},"t":10,"s":[0]},{"t":15,"s":[100]}],"ix":11},"r":{"a":0,"k":0,"ix":10},"p":{"a":1,"k":[{"i":{"x":0.833,"y":0.833},"o":{"x":0.167,"y":0.167},"t":15,"s":[299,575.5,0],"to":[0,-11.802,0],"ti":[0,29.047,0]},{"i":{"x":0.833,"y":0.833},"o":{"x":0.167,"y":0.167},"t":18,"s":[299,436,0],"to":[0,-20.998,0],"ti":[0,8.532,0]},{"t":20,"s":[299,453.5,0]}],"ix":2},"a":{"a":0,"k":[243.5,311.5,0],"ix":1},"s":{"a":0,"k":[100,100,100],"ix":6}},"ao":0,"shapes":[{"ty":"gr","it":[{"ind":0,"ty":"sh","ix":1,"ks":{"a":0,"k":{"i":[[-2.397,0],[0,0],[0,2.397],[2.397,0],[0,0],[0,-2.397]],"o":[[0,0],[2.397,0],[0,-2.397],[0,0],[-2.397,0],[0,2.397]],"v":[[-175.383,75.892],[175.383,75.892],[179.726,71.549],[175.383,67.206],[-175.383,67.206],[-179.726,71.549]],"c":true},"ix":2},"nm":"Path 1","mn":"ADBE Vector Shape - Group","hd":false},{"ind":1,"ty":"sh","ix":2,"ks":{"a":0,"k":{"i":[[-2.397,0],[0,0],[0,2.397],[2.397,0],[0,0],[0,-2.396]],"o":[[0,0],[2.397,0],[0,-2.396],[0,0],[-2.397,0],[0,2.397]],"v":[[-175.383,40.118],[175.383,40.118],[179.726,35.774],[175.383,31.431],[-175.383,31.431],[-179.726,35.774]],"c":true},"ix":2},"nm":"Path 2","mn":"ADBE Vector Shape - Group","hd":false},{"ind":2,"ty":"sh","ix":3,"ks":{"a":0,"k":{"i":[[-2.397,0],[0,0],[0,2.397],[2.397,0],[0,0],[0,-2.397]],"o":[[0,0],[2.397,0],[0,-2.397],[0,0],[-2.397,0],[0,2.397]],"v":[[-175.383,4.343],[175.383,4.343],[179.726,0],[175.383,-4.343],[-175.383,-4.343],[-179.726,0]],"c":true},"ix":2},"nm":"Path 3","mn":"ADBE Vector Shape - Group","hd":false},{"ind":3,"ty":"sh","ix":4,"ks":{"a":0,"k":{"i":[[-2.397,0],[0,0],[0,2.397],[2.397,0],[0,0],[0,-2.397]],"o":[[0,0],[2.397,0],[0,-2.397],[0,0],[-2.397,0],[0,2.397]],"v":[[-175.383,-31.432],[175.383,-31.432],[179.726,-35.775],[175.383,-40.118],[-175.383,-40.118],[-179.726,-35.775]],"c":true},"ix":2},"nm":"Path 4","mn":"ADBE Vector Shape - Group","hd":false},{"ind":4,"ty":"sh","ix":5,"ks":{"a":0,"k":{"i":[[-2.397,0],[0,0],[0,2.397],[2.397,0],[0,0],[0,-2.397]],"o":[[0,0],[2.397,0],[0,-2.397],[0,0],[-2.397,0],[0,2.397]],"v":[[-175.383,-67.206],[19.678,-67.206],[24.02,-71.549],[19.678,-75.892],[-175.383,-75.892],[-179.726,-71.549]],"c":true},"ix":2},"nm":"Path 5","mn":"ADBE Vector Shape - Group","hd":false},{"ty":"mm","mm":1,"nm":"Merge Paths 1","mn":"ADBE Vector Filter - Merge","hd":false},{"ty":"fl","c":{"a":0,"k":[0.709999952129,0.638999968884,0.447000002394,1],"ix":4},"o":{"a":0,"k":100,"ix":5},"r":1,"bm":0,"nm":"Fill 1","mn":"ADBE Vector Graphic - Fill","hd":false},{"ty":"tr","p":{"a":0,"k":[231.028,137.65],"ix":2},"a":{"a":0,"k":[0,0],"ix":1},"s":{"a":0,"k":[100,100],"ix":3},"r":{"a":0,"k":0,"ix":6},"o":{"a":0,"k":100,"ix":7},"sk":{"a":0,"k":0,"ix":4},"sa":{"a":0,"k":0,"ix":5},"nm":"Transform"}],"nm":"Group 1","np":7,"cix":2,"bm":0,"ix":1,"mn":"ADBE Vector Group","hd":false},{"ty":"gr","it":[{"ind":0,"ty":"sh","ix":1,"ks":{"a":0,"k":{"i":[[0,0],[0,0],[0,0],[0,0]],"o":[[0,0],[0,0],[0,0],[0,0]],"v":[[231.263,-155.114],[-231.263,-155.114],[-231.263,155.114],[231.263,155.114]],"c":true},"ix":2},"nm":"Path 1","mn":"ADBE Vector Shape - Group","hd":false},{"ty":"fl","c":{"a":0,"k":[0.926999978458,0.864999988032,0.708000033509,1],"ix":4},"o":{"a":0,"k":100,"ix":5},"r":1,"bm":0,"nm":"Fill 1","mn":"ADBE Vector Graphic - Fill","hd":false},{"ty":"tr","p":{"a":0,"k":[231.263,155.886],"ix":2},"a":{"a":0,"k":[0,0],"ix":1},"s":{"a":0,"k":[100,100],"ix":3},"r":{"a":0,"k":0,"ix":6},"o":{"a":0,"k":100,"ix":7},"sk":{"a":0,"k":0,"ix":4},"sa":{"a":0,"k":0,"ix":5},"nm":"Transform"}],"nm":"Group 2","np":2,"cix":2,"bm":0,"ix":2,"mn":"ADBE Vector Group","hd":false}],"ip":0,"op":750,"st":0,"bm":0},{"ddd":0,"ind":10,"ty":4,"nm":"bottFold","sr":1,"ks":{"o":{"a":1,"k":[{"i":{"x":[0.833],"y":[0.833]},"o":{"x":[0.167],"y":[0.167]},"t":0,"s":[0]},{"t":5,"s":[100]}],"ix":11},"r":{"a":0,"k":0,"ix":10},"p":{"s":true,"x":{"a":1,"k":[{"i":{"x":[0.983],"y":[1]},"o":{"x":[0.017],"y":[0]},"t":0,"s":[963.954]},{"t":15,"s":[963.954]}],"ix":3},"y":{"a":1,"k":[{"i":{"x":[0.849],"y":[0.842]},"o":{"x":[0.703],"y":[0.018]},"t":0,"s":[862.5]},{"i":{"x":[0.535],"y":[1.02]},"o":{"x":[0.266],"y":[-0.155]},"t":12,"s":[741.337]},{"t":15,"s":[795.5]}],"ix":4}},"a":{"a":0,"k":[286.954,588,0],"ix":1},"s":{"a":0,"k":[100,100,100],"ix":6}},"ao":0,"shapes":[{"ty":"gr","it":[{"ind":0,"ty":"sh","ix":1,"ks":{"a":1,"k":[{"i":{"x":0.833,"y":0.833},"o":{"x":0.167,"y":0.167},"t":12,"s":[{"i":[[0,0],[0,0],[-1.077,2.464],[-2.218,0.176],[-82.433,-1.879],[0,0],[0,0],[-10.065,-0.364],[0,0],[0,0],[0,0],[0,0],[0,0],[-0.728,-1.818],[0,0],[0,0]],"o":[[0,0],[0,0],[0.728,-1.818],[10.565,-0.837],[0,0],[0,0],[0,0],[0,0],[5.487,-0.018],[0,0],[0,0],[0,0],[0,0],[1.077,2.464],[0,0],[0,0]],"v":[[-286.565,294.077],[-286.565,-126.48],[-285.499,-131.273],[-281.13,-135.586],[-162.132,-137.544],[-114.494,-138.23],[-30.436,-138.499],[2,-138.059],[24.5,-138.059],[68.436,-138.499],[140.494,-137.73],[197.132,-137.544],[281.13,-135.586],[285.499,-131.273],[286.565,-126.48],[286.565,294.077]],"c":true}]},{"i":{"x":0.833,"y":0.833},"o":{"x":0.167,"y":0.167},"t":14,"s":[{"i":[[0,0],[0,0],[-1.077,2.464],[-2.133,0.447],[-70.309,10.178],[0,0],[-6.138,3.463],[-5.481,1.081],[0,0],[-1.762,-0.305],[-31.488,-7.922],[0,0],[-4.937,-2.895],[-0.728,-1.818],[0,0],[0,0]],"o":[[0,0],[0,0],[0.728,-1.818],[12.483,-3.493],[0,0],[25.144,-4.636],[1.558,-0.879],[0,0],[5.487,-0.018],[19.356,3.347],[0,0],[21.465,5.392],[0.548,0.322],[1.077,2.464],[0,0],[0,0]],"v":[[-286.565,294.077],[-286.565,-126.48],[-285.499,-131.273],[-281.13,-135.586],[-153.256,-157.973],[-127.709,-162.159],[-26.436,-180.213],[1.429,-182.63],[25.357,-183.416],[53.579,-181.642],[147.923,-162.873],[186.47,-155.187],[281.13,-135.586],[285.499,-131.273],[286.565,-126.48],[286.565,294.077]],"c":true}]},{"i":{"x":0.833,"y":0.833},"o":{"x":0.167,"y":0.167},"t":15,"s":[{"i":[[0,0],[0,0],[-1.077,2.464],[-2.047,0.719],[-64.921,19.358],[0,0],[-12.276,6.925],[-5.483,0.641],[0,0],[-3.239,-1.413],[-41.301,-17.813],[0,0],[-9.873,-5.791],[-0.728,-1.818],[0,0],[0,0]],"o":[[0,0],[0,0],[0.728,-1.818],[14.401,-6.15],[0,0],[37.494,-15.842],[3.116,-1.757],[0,0],[5.487,-0.018],[20.207,6.856],[0,0],[35.614,16.487],[1.097,0.643],[1.077,2.464],[0,0],[0,0]],"v":[[-286.565,294.077],[-286.565,-126.48],[-285.499,-131.273],[-281.13,-135.586],[-152.38,-179.401],[-131.924,-185.987],[-22.436,-223.928],[0.857,-227.202],[15.214,-227.673],[38.722,-224.785],[145.053,-187.416],[172.309,-177.73],[281.13,-135.586],[285.499,-131.273],[286.565,-126.48],[286.565,294.077]],"c":true}]},{"t":16,"s":[{"i":[[0,0],[0,0],[-1.077,2.464],[-1.919,1.126],[-56.839,33.128],[0,0],[-21.483,12.119],[-5.487,-0.018],[0,0],[-5.453,-3.075],[-56.019,-32.65],[0,0],[-17.278,-10.134],[-0.728,-1.818],[0,0],[0,0]],"o":[[0,0],[0,0],[0.728,-1.818],[17.278,-10.134],[0,0],[56.019,-32.65],[5.453,-3.075],[0,0],[5.487,-0.018],[21.483,12.119],[0,0],[56.839,33.128],[1.919,1.126],[1.077,2.464],[0,0],[0,0]],"v":[[-286.565,294.077],[-286.565,-126.48],[-285.499,-131.273],[-281.13,-135.586],[-151.066,-211.544],[-150.747,-211.73],[-16.436,-289.499],[0,-294.059],[0,-294.059],[16.436,-289.499],[150.747,-211.73],[151.066,-211.544],[281.13,-135.586],[285.499,-131.273],[286.565,-126.48],[286.565,294.077]],"c":true}]}],"ix":2},"nm":"Path 1","mn":"ADBE Vector Shape - Group","hd":false},{"ty":"gf","o":{"a":0,"k":100,"ix":10},"r":1,"bm":0,"g":{"p":3,"k":{"a":0,"k":[0.54,0.396,0.18,0.102,0.77,0.61,0.235,0.096,1,0.824,0.29,0.09],"ix":9}},"s":{"a":0,"k":[0,220],"ix":5},"e":{"a":0,"k":[0,-152],"ix":6},"t":1,"nm":"Gradient Fill 1","mn":"ADBE Vector Graphic - G-Fill","hd":false},{"ty":"tr","p":{"a":0,"k":[286.565,294.923],"ix":2},"a":{"a":0,"k":[0,0],"ix":1},"s":{"a":0,"k":[100,100],"ix":3},"r":{"a":0,"k":0,"ix":6},"o":{"a":0,"k":100,"ix":7},"sk":{"a":0,"k":0,"ix":4},"sa":{"a":0,"k":0,"ix":5},"nm":"Transform"}],"nm":"Group 1","np":2,"cix":2,"bm":0,"ix":1,"mn":"ADBE Vector Group","hd":false}],"ip":0,"op":750,"st":0,"bm":0}],"markers":[]}